shot_id,start_time,end_time,duration,avg_hue,avg_saturation,avg_brightness,visual_stability_score,avg_edge_density,avg_text_coverage,avg_headline_text,avg_lower_third_text
1,0.0,4.8,4.8,0.0,0.0,138.57,0.94,0.0653,0.1672,0.0151,0.0056
2,4.88,16.4,11.52,0.0,0.0,129.41,0.973,0.0802,0.3128,0.0402,0.0064
3,16.48,22.48,6.0,0.0,0.0,96.77,0.891,0.0585,0.315,0.0072,0.0377
4,22.56,58.16,35.6,0.0,0.0,85.25,0.91,0.0435,0.181,0.0081,0.0082
5,58.24,62.8,4.56,0.0,0.0,129.99,0.922,0.0782,0.3196,0.0896,0.0067
6,62.88,67.6,4.72,0.0,0.0,87.3,0.896,0.0437,0.1889,0.0,0.0077
7,67.68,76.8,9.12,0.0,0.0,116.46,0.905,0.0192,0.1339,0.0,0.0068
8,76.88,90.32,13.44,0.0,0.0,136.22,0.71,0.0111,0.0779,0.0013,0.002
9,90.4,94.8,4.4,0.0,0.0,135.13,0.913,0.077,0.2835,0.0536,0.0118
10,94.88,102.56,7.68,0.0,0.0,86.18,0.895,0.042,0.1685,0.0012,0.0062
11,102.64,132.32,29.68,0.0,0.0,132.89,0.887,0.0783,0.3172,0.0777,0.0138
12,132.4,198.8,66.4,0.0,0.0,61.25,0.945,0.0217,0.1261,0.0,0.0019
13,198.88,206.96,8.08,0.0,0.0,123.14,0.979,0.0776,0.2773,0.0078,0.0064
14,207.04,230.8,23.76,0.0,0.0,81.14,0.9,0.0454,0.1848,0.0128,0.0111
15,230.88,247.68,16.8,0.0,0.0,125.27,0.888,0.0763,0.3009,0.0516,0.0144
16,247.76,328.0,80.24,0.0,0.0,87.03,0.879,0.0423,0.1685,0.0027,0.0074
17,328.08,350.4,22.32,0.0,0.0,125.79,0.902,0.0771,0.2993,0.0475,0.0145
