video_name,shot_id,start_time,end_time,duration,classification,confidence_score,rule_explanation
Stalin_Vs_Vijay__Tamil_Nadu_s_New_Battle_Over_Emergency_Legacy.mp4,1,0.0,40.88,40.88,Anchor Studio,94.0,"Anchor Studio: stable=0.92, symmetry=0.97, centered=True, faces=3, face_area=0.0499"
Stalin_Vs_Vijay__Tamil_Nadu_s_New_Battle_Over_Emergency_Legacy.mp4,2,40.96,47.6,6.64,Anchor Studio,94.0,"Anchor Studio: stable=0.87, symmetry=0.95, centered=True, faces=1, face_area=0.0259"
Stalin_Vs_Vijay__Tamil_Nadu_s_New_Battle_Over_Emergency_Legacy.mp4,3,47.68,49.52,1.84,B-Roll,70.0,"B-Roll: motion=0.0895, edge=0.0451, face_area=0.0000, symmetry=0.89"
Stalin_Vs_Vijay__Tamil_Nadu_s_New_Battle_Over_Emergency_Legacy.mp4,4,49.6,63.04,13.44,Anchor Studio,74.0,"Anchor Studio: stable=0.70, symmetry=0.91, centered=True, faces=1, face_area=0.0050"
Stalin_Vs_Vijay__Tamil_Nadu_s_New_Battle_Over_Emergency_Legacy.mp4,5,63.12,65.92,2.8,B-Roll,70.0,"B-Roll: motion=0.0549, edge=0.0882, face_area=0.0000, symmetry=0.90"
Stalin_Vs_Vijay__Tamil_Nadu_s_New_Battle_Over_Emergency_Legacy.mp4,6,66.0,67.04,1.04,B-Roll,70.0,"B-Roll: motion=0.1570, edge=0.0617, face_area=0.0000, symmetry=0.94"
Stalin_Vs_Vijay__Tamil_Nadu_s_New_Battle_Over_Emergency_Legacy.mp4,7,67.12,83.12,16.0,Anchor Studio,84.0,"Anchor Studio: stable=0.73, symmetry=0.89, centered=True, faces=1, face_area=0.0270"
Stalin_Vs_Vijay__Tamil_Nadu_s_New_Battle_Over_Emergency_Legacy.mp4,8,83.2,84.32,1.12,Anchor Studio,94.0,"Anchor Studio: stable=0.76, symmetry=0.82, centered=True, faces=3, face_area=0.1300"
Stalin_Vs_Vijay__Tamil_Nadu_s_New_Battle_Over_Emergency_Legacy.mp4,9,84.4,87.92,3.52,Anchor Studio,84.0,"Anchor Studio: stable=0.70, symmetry=0.86, centered=True, faces=3, face_area=0.1094"
Stalin_Vs_Vijay__Tamil_Nadu_s_New_Battle_Over_Emergency_Legacy.mp4,10,88.0,93.84,5.84,Anchor Studio,94.0,"Anchor Studio: stable=0.77, symmetry=0.85, centered=True, faces=3, face_area=0.0980"
Stalin_Vs_Vijay__Tamil_Nadu_s_New_Battle_Over_Emergency_Legacy.mp4,11,93.92,96.08,2.16,Anchor Studio,84.0,"Anchor Studio: stable=0.74, symmetry=0.81, centered=True, faces=3, face_area=0.0957"
Stalin_Vs_Vijay__Tamil_Nadu_s_New_Battle_Over_Emergency_Legacy.mp4,12,96.16,97.92,1.76,Anchor Studio,94.0,"Anchor Studio: stable=0.82, symmetry=0.87, centered=True, faces=2, face_area=0.0740"
Stalin_Vs_Vijay__Tamil_Nadu_s_New_Battle_Over_Emergency_Legacy.mp4,13,98.0,98.88,0.88,B-Roll,70.0,"B-Roll: motion=0.1399, edge=0.0586, face_area=0.0000, symmetry=0.93"
Stalin_Vs_Vijay__Tamil_Nadu_s_New_Battle_Over_Emergency_Legacy.mp4,14,98.96,108.96,10.0,B-Roll,70.0,"B-Roll: motion=0.0404, edge=0.1162, face_area=0.0000, symmetry=0.96"
Stalin_Vs_Vijay__Tamil_Nadu_s_New_Battle_Over_Emergency_Legacy.mp4,15,109.04,109.92,0.88,B-Roll,70.0,"B-Roll: motion=0.1427, edge=0.0546, face_area=0.0000, symmetry=0.89"
Stalin_Vs_Vijay__Tamil_Nadu_s_New_Battle_Over_Emergency_Legacy.mp4,16,110.0,119.6,9.6,Title Card,78.0,"Title Card: headline=0.7843, textcov=0.8665, stability=0.85"
Stalin_Vs_Vijay__Tamil_Nadu_s_New_Battle_Over_Emergency_Legacy.mp4,17,119.68,120.8,1.12,B-Roll,70.0,"B-Roll: motion=0.0262, edge=0.0619, face_area=0.0000, symmetry=0.84"
Stalin_Vs_Vijay__Tamil_Nadu_s_New_Battle_Over_Emergency_Legacy.mp4,18,120.88,122.96,2.08,Title Card,68.0,"Title Card: headline=0.6117, textcov=0.7333, stability=0.79"
Stalin_Vs_Vijay__Tamil_Nadu_s_New_Battle_Over_Emergency_Legacy.mp4,19,123.04,130.08,7.04,Anchor Studio,84.0,"Anchor Studio: stable=0.67, symmetry=0.91, centered=True, faces=1, face_area=0.0204"
Stalin_Vs_Vijay__Tamil_Nadu_s_New_Battle_Over_Emergency_Legacy.mp4,20,130.16,201.04,70.88,Anchor Studio,84.0,"Anchor Studio: stable=0.80, symmetry=0.84, centered=True, faces=1, face_area=0.0099"
Stalin_Vs_Vijay__Tamil_Nadu_s_New_Battle_Over_Emergency_Legacy.mp4,21,201.12,289.36,88.24,Anchor Studio,94.0,"Anchor Studio: stable=0.85, symmetry=0.90, centered=True, faces=1, face_area=0.0616"
Stalin_Vs_Vijay__Tamil_Nadu_s_New_Battle_Over_Emergency_Legacy.mp4,22,289.44,433.6,144.16,Anchor Studio,84.0,"Anchor Studio: stable=0.86, symmetry=0.95, centered=True, faces=2, face_area=0.0088"
Stalin_Vs_Vijay__Tamil_Nadu_s_New_Battle_Over_Emergency_Legacy.mp4,23,433.68,439.68,6.0,Anchor Studio,84.0,"Anchor Studio: stable=0.82, symmetry=0.94, centered=True, faces=1, face_area=0.0045"
Stalin_Vs_Vijay__Tamil_Nadu_s_New_Battle_Over_Emergency_Legacy.mp4,24,439.76,443.92,4.16,Anchor Studio,94.0,"Anchor Studio: stable=0.87, symmetry=0.97, centered=True, faces=1, face_area=0.0244"
Stalin_Vs_Vijay__Tamil_Nadu_s_New_Battle_Over_Emergency_Legacy.mp4,25,444.0,456.32,12.32,B-Roll,70.0,"B-Roll: motion=0.0434, edge=0.0866, face_area=0.0000, symmetry=0.82"
Stalin_Vs_Vijay__Tamil_Nadu_s_New_Battle_Over_Emergency_Legacy.mp4,26,456.4,488.64,32.24,Anchor Studio,74.0,"Anchor Studio: stable=0.68, symmetry=0.83, centered=True, faces=1, face_area=0.0077"
Stalin_Vs_Vijay__Tamil_Nadu_s_New_Battle_Over_Emergency_Legacy.mp4,27,488.72,490.72,2.0,B-Roll,70.0,"B-Roll: motion=0.0797, edge=0.1020, face_area=0.0000, symmetry=0.76"
Stalin_Vs_Vijay__Tamil_Nadu_s_New_Battle_Over_Emergency_Legacy.mp4,28,490.8,492.0,1.2,B-Roll,70.0,"B-Roll: motion=0.0406, edge=0.0908, face_area=0.0000, symmetry=0.75"
Stalin_Vs_Vijay__Tamil_Nadu_s_New_Battle_Over_Emergency_Legacy.mp4,29,492.08,492.64,0.56,Title Card,68.0,"Title Card: headline=0.0729, textcov=0.4348, stability=0.77"
Stalin_Vs_Vijay__Tamil_Nadu_s_New_Battle_Over_Emergency_Legacy.mp4,30,492.72,493.84,1.12,B-Roll,70.0,"B-Roll: motion=0.0385, edge=0.1077, face_area=0.0000, symmetry=0.98"
Stalin_Vs_Vijay__Tamil_Nadu_s_New_Battle_Over_Emergency_Legacy.mp4,31,493.92,494.48,0.56,B-Roll,70.0,"B-Roll: motion=0.0684, edge=0.1308, face_area=0.0000, symmetry=0.93"
Stalin_Vs_Vijay__Tamil_Nadu_s_New_Battle_Over_Emergency_Legacy.mp4,32,494.56,495.28,0.72,B-Roll,70.0,"B-Roll: motion=0.0567, edge=0.1260, face_area=0.0000, symmetry=0.96"
Stalin_Vs_Vijay__Tamil_Nadu_s_New_Battle_Over_Emergency_Legacy.mp4,33,495.36,497.44,2.08,B-Roll,70.0,"B-Roll: motion=0.0638, edge=0.0836, face_area=0.0000, symmetry=0.88"
Stalin_Vs_Vijay__Tamil_Nadu_s_New_Battle_Over_Emergency_Legacy.mp4,34,497.52,498.8,1.28,B-Roll,70.0,"B-Roll: motion=0.0587, edge=0.1023, face_area=0.0000, symmetry=0.74"
Stalin_Vs_Vijay__Tamil_Nadu_s_New_Battle_Over_Emergency_Legacy.mp4,35,498.88,500.8,1.92,Anchor Studio,74.0,"Anchor Studio: stable=0.61, symmetry=0.93, centered=True, faces=1, face_area=0.0009"
Stalin_Vs_Vijay__Tamil_Nadu_s_New_Battle_Over_Emergency_Legacy.mp4,36,500.88,513.12,12.24,Anchor Studio,94.0,"Anchor Studio: stable=0.92, symmetry=0.97, centered=True, faces=1, face_area=0.0242"
Stalin_Vs_Vijay__Tamil_Nadu_s_New_Battle_Over_Emergency_Legacy.mp4,37,513.2,588.24,75.04,Anchor Studio,94.0,"Anchor Studio: stable=0.77, symmetry=0.94, centered=True, faces=4, face_area=0.0571"
Stalin_Vs_Vijay__Tamil_Nadu_s_New_Battle_Over_Emergency_Legacy.mp4,38,588.32,605.04,16.72,Anchor Studio,94.0,"Anchor Studio: stable=0.84, symmetry=0.84, centered=True, faces=2, face_area=0.0816"
Stalin_Vs_Vijay__Tamil_Nadu_s_New_Battle_Over_Emergency_Legacy.mp4,39,605.12,666.64,61.52,Anchor Studio,94.0,"Anchor Studio: stable=0.86, symmetry=0.89, centered=True, faces=5, face_area=0.0707"
Stalin_Vs_Vijay__Tamil_Nadu_s_New_Battle_Over_Emergency_Legacy.mp4,40,666.72,683.12,16.4,Anchor Studio,94.0,"Anchor Studio: stable=0.84, symmetry=0.95, centered=True, faces=4, face_area=0.0499"
Stalin_Vs_Vijay__Tamil_Nadu_s_New_Battle_Over_Emergency_Legacy.mp4,41,683.2,696.56,13.36,Anchor Studio,94.0,"Anchor Studio: stable=0.82, symmetry=0.96, centered=True, faces=5, face_area=0.0454"
Stalin_Vs_Vijay__Tamil_Nadu_s_New_Battle_Over_Emergency_Legacy.mp4,42,696.64,816.08,119.44,Anchor Studio,94.0,"Anchor Studio: stable=0.87, symmetry=0.94, centered=True, faces=5, face_area=0.0387"
Stalin_Vs_Vijay__Tamil_Nadu_s_New_Battle_Over_Emergency_Legacy.mp4,43,816.16,847.28,31.12,Anchor Studio,94.0,"Anchor Studio: stable=0.82, symmetry=0.93, centered=True, faces=5, face_area=0.0327"
Stalin_Vs_Vijay__Tamil_Nadu_s_New_Battle_Over_Emergency_Legacy.mp4,44,847.36,885.84,38.48,Anchor Studio,94.0,"Anchor Studio: stable=0.83, symmetry=0.94, centered=True, faces=5, face_area=0.0493"
Stalin_Vs_Vijay__Tamil_Nadu_s_New_Battle_Over_Emergency_Legacy.mp4,45,885.92,923.44,37.52,Anchor Studio,94.0,"Anchor Studio: stable=0.83, symmetry=0.96, centered=True, faces=5, face_area=0.0700"
Stalin_Vs_Vijay__Tamil_Nadu_s_New_Battle_Over_Emergency_Legacy.mp4,46,923.52,924.32,0.8,Anchor Studio,72.0,"Anchor Studio: stable=0.71, symmetry=0.49, centered=True, faces=1, face_area=0.0204"
Stalin_Vs_Vijay__Tamil_Nadu_s_New_Battle_Over_Emergency_Legacy.mp4,47,924.4,1019.44,95.04,Anchor Studio,94.0,"Anchor Studio: stable=0.91, symmetry=0.93, centered=True, faces=5, face_area=0.0466"
Stalin_Vs_Vijay__Tamil_Nadu_s_New_Battle_Over_Emergency_Legacy.mp4,48,1019.52,1144.96,125.44,Anchor Studio,94.0,"Anchor Studio: stable=0.84, symmetry=0.95, centered=True, faces=5, face_area=0.0627"
Stalin_Vs_Vijay__Tamil_Nadu_s_New_Battle_Over_Emergency_Legacy.mp4,49,1145.04,1170.64,25.6,Anchor Studio,94.0,"Anchor Studio: stable=0.86, symmetry=0.94, centered=True, faces=4, face_area=0.0391"
Stalin_Vs_Vijay__Tamil_Nadu_s_New_Battle_Over_Emergency_Legacy.mp4,50,1170.72,1200.24,29.52,Anchor Studio,94.0,"Anchor Studio: stable=0.83, symmetry=0.94, centered=True, faces=4, face_area=0.0512"
Stalin_Vs_Vijay__Tamil_Nadu_s_New_Battle_Over_Emergency_Legacy.mp4,51,1200.32,1212.0,11.68,Anchor Studio,94.0,"Anchor Studio: stable=0.85, symmetry=0.94, centered=True, faces=4, face_area=0.0502"
Stalin_Vs_Vijay__Tamil_Nadu_s_New_Battle_Over_Emergency_Legacy.mp4,52,1212.08,1240.96,28.88,Anchor Studio,94.0,"Anchor Studio: stable=0.80, symmetry=0.96, centered=True, faces=6, face_area=0.0798"
Stalin_Vs_Vijay__Tamil_Nadu_s_New_Battle_Over_Emergency_Legacy.mp4,53,1241.04,1260.96,19.92,Anchor Studio,84.0,"Anchor Studio: stable=0.90, symmetry=0.95, centered=True, faces=1, face_area=0.0026"
Stalin_Vs_Vijay__Tamil_Nadu_s_New_Battle_Over_Emergency_Legacy.mp4,54,1261.04,1283.36,22.32,Anchor Studio,94.0,"Anchor Studio: stable=0.78, symmetry=0.96, centered=True, faces=5, face_area=0.0588"
Stalin_Vs_Vijay__Tamil_Nadu_s_New_Battle_Over_Emergency_Legacy.mp4,55,1283.44,1290.72,7.28,Anchor Studio,94.0,"Anchor Studio: stable=0.88, symmetry=0.91, centered=True, faces=1, face_area=0.0243"
Stalin_Vs_Vijay__Tamil_Nadu_s_New_Battle_Over_Emergency_Legacy.mp4,56,1290.8,1348.0,57.2,Anchor Studio,84.0,"Anchor Studio: stable=0.73, symmetry=0.91, centered=True, faces=2, face_area=0.0250"
Stalin_Vs_Vijay__Tamil_Nadu_s_New_Battle_Over_Emergency_Legacy.mp4,57,1348.08,1386.8,38.72,Anchor Studio,84.0,"Anchor Studio: stable=0.60, symmetry=0.95, centered=True, faces=3, face_area=0.0220"
Stalin_Vs_Vijay__Tamil_Nadu_s_New_Battle_Over_Emergency_Legacy.mp4,58,1386.88,1502.0,115.12,Anchor Studio,94.0,"Anchor Studio: stable=0.79, symmetry=0.92, centered=True, faces=2, face_area=0.0138"
Stalin_Vs_Vijay__Tamil_Nadu_s_New_Battle_Over_Emergency_Legacy.mp4,59,1502.08,1503.28,1.2,Anchor Studio,74.0,"Anchor Studio: stable=0.00, symmetry=0.82, centered=True, faces=2, face_area=0.0045"
Stalin_Vs_Vijay__Tamil_Nadu_s_New_Battle_Over_Emergency_Legacy.mp4,60,1503.36,1858.48,355.12,Anchor Studio,94.0,"Anchor Studio: stable=0.82, symmetry=0.94, centered=True, faces=4, face_area=0.0282"
Stalin_Vs_Vijay__Tamil_Nadu_s_New_Battle_Over_Emergency_Legacy.mp4,61,1858.56,1967.76,109.2,Anchor Studio,94.0,"Anchor Studio: stable=0.78, symmetry=0.93, centered=True, faces=3, face_area=0.0213"
Stalin_Vs_Vijay__Tamil_Nadu_s_New_Battle_Over_Emergency_Legacy.mp4,62,1967.84,1973.52,5.68,Anchor Studio,84.0,"Anchor Studio: stable=0.68, symmetry=0.91, centered=True, faces=1, face_area=0.0139"
Stalin_Vs_Vijay__Tamil_Nadu_s_New_Battle_Over_Emergency_Legacy.mp4,63,1973.6,1977.68,4.08,Anchor Studio,72.0,"Anchor Studio: stable=0.35, symmetry=0.85, centered=False, faces=2, face_area=0.0230"
Stalin_Vs_Vijay__Tamil_Nadu_s_New_Battle_Over_Emergency_Legacy.mp4,64,1977.76,1985.28,7.52,Anchor Studio,72.0,"Anchor Studio: stable=0.28, symmetry=0.81, centered=False, faces=2, face_area=0.0206"
Stalin_Vs_Vijay__Tamil_Nadu_s_New_Battle_Over_Emergency_Legacy.mp4,65,1985.36,1987.12,1.76,Anchor Studio,84.0,"Anchor Studio: stable=0.15, symmetry=0.87, centered=True, faces=1, face_area=0.0276"
Stalin_Vs_Vijay__Tamil_Nadu_s_New_Battle_Over_Emergency_Legacy.mp4,66,1987.2,1988.24,1.04,Anchor Studio,84.0,"Anchor Studio: stable=0.58, symmetry=0.86, centered=True, faces=1, face_area=0.0240"
Stalin_Vs_Vijay__Tamil_Nadu_s_New_Battle_Over_Emergency_Legacy.mp4,67,1988.32,1990.48,2.16,Anchor Studio,72.0,"Anchor Studio: stable=0.20, symmetry=0.70, centered=True, faces=2, face_area=0.0391"
Stalin_Vs_Vijay__Tamil_Nadu_s_New_Battle_Over_Emergency_Legacy.mp4,68,1990.56,1992.24,1.68,Anchor Studio,74.0,"Anchor Studio: stable=0.27, symmetry=0.92, centered=True, faces=1, face_area=0.0070"
Stalin_Vs_Vijay__Tamil_Nadu_s_New_Battle_Over_Emergency_Legacy.mp4,69,1992.32,1999.6,7.28,Anchor Studio,84.0,"Anchor Studio: stable=0.64, symmetry=0.94, centered=True, faces=3, face_area=0.0375"
Stalin_Vs_Vijay__Tamil_Nadu_s_New_Battle_Over_Emergency_Legacy.mp4,70,1999.68,2012.96,13.28,Anchor Studio,84.0,"Anchor Studio: stable=0.86, symmetry=0.94, centered=True, faces=1, face_area=0.0082"
Stalin_Vs_Vijay__Tamil_Nadu_s_New_Battle_Over_Emergency_Legacy.mp4,71,2013.04,2068.32,55.28,Anchor Studio,94.0,"Anchor Studio: stable=0.83, symmetry=0.94, centered=True, faces=3, face_area=0.0504"
Stalin_Vs_Vijay__Tamil_Nadu_s_New_Battle_Over_Emergency_Legacy.mp4,72,2068.4,2193.68,125.28,Anchor Studio,94.0,"Anchor Studio: stable=0.79, symmetry=0.94, centered=True, faces=4, face_area=0.0216"
Stalin_Vs_Vijay__Tamil_Nadu_s_New_Battle_Over_Emergency_Legacy.mp4,73,2193.76,2231.44,37.68,Anchor Studio,94.0,"Anchor Studio: stable=0.82, symmetry=0.92, centered=True, faces=2, face_area=0.0203"
Stalin_Vs_Vijay__Tamil_Nadu_s_New_Battle_Over_Emergency_Legacy.mp4,74,2231.52,2244.08,12.56,Anchor Studio,84.0,"Anchor Studio: stable=0.63, symmetry=0.95, centered=True, faces=3, face_area=0.0527"
Stalin_Vs_Vijay__Tamil_Nadu_s_New_Battle_Over_Emergency_Legacy.mp4,75,2244.16,2502.0,257.84,Anchor Studio,94.0,"Anchor Studio: stable=0.83, symmetry=0.94, centered=True, faces=3, face_area=0.0258"
Stalin_Vs_Vijay__Tamil_Nadu_s_New_Battle_Over_Emergency_Legacy.mp4,76,2502.08,2574.24,72.16,Anchor Studio,84.0,"Anchor Studio: stable=0.92, symmetry=0.97, centered=True, faces=1, face_area=0.0055"
Stalin_Vs_Vijay__Tamil_Nadu_s_New_Battle_Over_Emergency_Legacy.mp4,77,2574.32,2750.8,176.48,Anchor Studio,84.0,"Anchor Studio: stable=0.83, symmetry=0.95, centered=True, faces=3, face_area=0.0062"
Stalin_Vs_Vijay__Tamil_Nadu_s_New_Battle_Over_Emergency_Legacy.mp4,78,2750.88,2881.12,130.24,Anchor Studio,84.0,"Anchor Studio: stable=0.76, symmetry=0.96, centered=True, faces=2, face_area=0.0062"
Stalin_Vs_Vijay__Tamil_Nadu_s_New_Battle_Over_Emergency_Legacy.mp4,79,2881.2,2891.36,10.16,Anchor Studio,94.0,"Anchor Studio: stable=0.84, symmetry=0.92, centered=True, faces=1, face_area=0.0224"
Stalin_Vs_Vijay__Tamil_Nadu_s_New_Battle_Over_Emergency_Legacy.mp4,80,2891.44,2895.6,4.16,Anchor Studio,84.0,"Anchor Studio: stable=0.36, symmetry=0.86, centered=True, faces=2, face_area=0.0231"
